{
  "dgp1_dr_nocov": {
    "ATT": -4.713891309648176,
    "se": 15.32210646783081,
    "lci": -34.744668153884774,
    "uci": 25.316885534588423
  },
  "dgp1_dr_cov": {
    "ATT": -0.370943148650857,
    "se": 0.3629174762792657,
    "lci": -1.082248331518387,
    "uci": 0.340362034216673
  },
  "dgp1_reg_nocov": {
    "ATT": -4.713891309648488,
    "se": 15.322106467830805,
    "lci": -34.74466815388507,
    "uci": 25.3168855345881
  },
  "dgp1_reg_cov": {
    "ATT": -0.3648022796066925,
    "se": 12.25511177194079,
    "lci": -24.384379979123477,
    "uci": 23.65477541991009
  },
  "dgp1_ipw_nocov": {
    "ATT": -4.713891309648119,
    "se": 15.322106467830803,
    "lci": -34.7446681538847,
    "uci": 25.316885534588465
  },
  "dgp1_ipw_cov": {
    "ATT": 0.1746221292513894,
    "se": 14.84686185530122,
    "lci": -28.92469239058052,
    "uci": 29.2739366490833
  },
  "dgp2_dr_nocov": {
    "ATT": -2.802437682226054,
    "se": 15.162115011913007,
    "lci": -32.51963703502963,
    "uci": 26.914761670577523
  },
  "dgp2_dr_cov": {
    "ATT": -0.131884249677628,
    "se": 0.3615976238477585,
    "lci": -0.8406025693144961,
    "uci": 0.57683406995924
  },
  "dgp2_reg_nocov": {
    "ATT": -2.802437682226468,
    "se": 15.16211501191301,
    "lci": -32.519637035030044,
    "uci": 26.91476167057711
  },
  "dgp2_reg_cov": {
    "ATT": -0.1264941935341142,
    "se": 12.278681040167424,
    "lci": -24.192266809917065,
    "uci": 23.939278422848837
  },
  "dgp2_ipw_nocov": {
    "ATT": -2.802437682225957,
    "se": 15.16211501191301,
    "lci": -32.51963703502953,
    "uci": 26.914761670577622
  },
  "dgp2_ipw_cov": {
    "ATT": 0.4425176545858278,
    "se": 14.578330164503246,
    "lci": -28.130484422574405,
    "uci": 29.01551973174606
  },
  "dgp3_dr_nocov": {
    "ATT": -4.047926092563451,
    "se": 13.619021126223045,
    "lci": -30.740717004650733,
    "uci": 22.644864819523832
  },
  "dgp3_dr_cov": {
    "ATT": -1.206339068198347,
    "se": 5.715500553553746,
    "lci": -12.408514306782427,
    "uci": 9.995836170385735
  },
  "dgp3_reg_nocov": {
    "ATT": -4.047926092563443,
    "se": 13.61902112622304,
    "lci": -30.740717004650715,
    "uci": 22.64486481952383
  },
  "dgp3_reg_cov": {
    "ATT": -1.506286210381859,
    "se": 11.48877687437943,
    "lci": -24.02387511058219,
    "uci": 21.01130268981847
  },
  "dgp3_ipw_nocov": {
    "ATT": -4.047926092563728,
    "se": 13.61902112622304,
    "lci": -30.740717004651,
    "uci": 22.644864819523544
  },
  "dgp3_ipw_cov": {
    "ATT": -0.797266162250736,
    "se": 13.500012852552667,
    "lci": -27.256805144081792,
    "uci": 25.66227281958032
  },
  "dgp4_dr_nocov": {
    "ATT": -5.281043961510922,
    "se": 13.550738720691161,
    "lci": -31.840003817977955,
    "uci": 21.277915894956113
  },
  "dgp4_dr_cov": {
    "ATT": -2.919555392612542,
    "se": 5.682194173268706,
    "lci": -14.05645132538255,
    "uci": 8.217340540157466
  },
  "dgp4_reg_nocov": {
    "ATT": -5.281043961511244,
    "se": 13.550738720691157,
    "lci": -31.84000381797827,
    "uci": 21.277915894955783
  },
  "dgp4_reg_cov": {
    "ATT": -3.131035790104079,
    "se": 11.449511458993447,
    "lci": -25.571665890309877,
    "uci": 19.30959431010172
  },
  "dgp4_ipw_nocov": {
    "ATT": -5.281043961510647,
    "se": 13.550738720691161,
    "lci": -31.84000381797768,
    "uci": 21.277915894956386
  },
  "dgp4_ipw_cov": {
    "ATT": -2.588437808164429,
    "se": 13.347963293853894,
    "lci": -28.749965131080682,
    "uci": 23.573089514751825
  }
}